000001|Customer 1|1 Diagon Alley, London
000002|Customer 2|2 Diagon Alley, London
000003|Customer 3|3 Diagon Alley, London
000004|Customer 4|4 Diagon Alley, London
000005|Customer 5|5 Diagon Alley, London
000006|Customer 6|6 Diagon Alley, London
000007|Customer 7|7 Diagon Alley, London
000008|Customer 8|8 Diagon Alley, London
000009|Customer 9|9 Diagon Alley, London
000010|Customer 10|10 Diagon Alley, London
000011|Customer 11|11 Diagon Alley, London
000012|Customer 12|12 Diagon Alley, London
000013|Customer 13|13 Diagon Alley, London
000014|Customer 14|14 Diagon Alley, London
000015|Customer 15|15 Diagon Alley, London
000016|Customer 16|16 Diagon Alley, London
000017|Customer 17|17 Diagon Alley, London
000018|Customer 18|18 Diagon Alley, London
000019|Customer 19|19 Diagon Alley, London
000020|Customer 20|20 Diagon Alley, London
000021|Customer 21|21 Diagon Alley, London
000022|Customer 22|22 Diagon Alley, London
000023|Customer 23|23 Diagon Alley, London
000024|Customer 24|24 Diagon Alley, London
000025|Customer 25|25 Diagon Alley, London
000026|Customer 26|26 Diagon Alley, London
000027|Customer 27|27 Diagon Alley, London
000028|Customer 28|28 Diagon Alley, London
000029|Customer 29|29 Diagon Alley, London
000030|Customer 30|30 Diagon Alley, London
000031|Customer 31|31 Diagon Alley, London
000032|Customer 32|32 Diagon Alley, London
000033|Customer 33|33 Diagon Alley, London
000034|Customer 34|34 Diagon Alley, London
000035|Customer 35|35 Diagon Alley, London
000036|Customer 36|36 Diagon Alley, London
000037|Customer 37|37 Diagon Alley, London
000038|Customer 38|38 Diagon Alley, London
000039|Customer 39|39 Diagon Alley, London
000040|Customer 40|40 Diagon Alley, London
000041|Customer 41|41 Diagon Alley, London
000042|Customer 42|42 Diagon Alley, London
000043|Customer 43|43 Diagon Alley, London
000044|Customer 44|44 Diagon Alley, London
000045|Customer 45|45 Diagon Alley, London
000046|Customer 46|
000047|Customer 47|47 Diagon Alley, London
000048|Customer 48|48 Diagon Alley, London
000049|Customer 49|49 Diagon Alley, London
000050|Customer 50|50 Diagon Alley, London
000051|Customer 51|51 Diagon Alley, London
000052|Customer 52|52 Diagon Alley, London
000053|Customer 53|53 Diagon Alley, London
000054|Customer 54|54 Diagon Alley, London
000055|Customer 55|55 Diagon Alley, London
000056|Customer 56|56 Diagon Alley, London
000057|Customer 57|57 Diagon Alley, London
000058|Customer 58|58 Diagon Alley, London
000059|Customer 59|59 Diagon Alley, London
000060|Customer 60|60 Diagon Alley, London
000061|Customer 61|61 Diagon Alley, London
000062|Customer 62|62 Diagon Alley, London
000063|Customer 63|63 Diagon Alley, London
000064|Customer 64|64 Diagon Alley, London
000065|Customer 65|65 Diagon Alley, London
000066|Customer 66|66 Diagon Alley, London
000067|Customer 67|67 Diagon Alley, London
000068|Customer 68|68 Diagon Alley, London
000069|Customer 69|69 Diagon Alley, London
000070|Customer 70|70 Diagon Alley, London
000071|Customer 71|71 Diagon Alley, London
000072|Customer 72|72 Diagon Alley, London
000073|Customer 73|73 Diagon Alley, London
000074|Customer 74|74 Diagon Alley, London
000075|Customer 75|75 Diagon Alley, London
000076|Customer 76|76 Diagon Alley, London
000077|Customer 77|77 Diagon Alley, London
000078|Customer 78|78 Diagon Alley, London
000079|Customer 79|79 Diagon Alley, London
000080|Customer 80|80 Diagon Alley, London
000081|Customer 81|81 Diagon Alley, London
000082|Customer 82|82 Diagon Alley, London
000083|Customer 83|83 Diagon Alley, London
000084|Customer 84|84 Diagon Alley, London
000085|Customer 85|85 Diagon Alley, London
000086|Customer 86|86 Diagon Alley, London
000087|Customer 87|87 Diagon Alley, London
000088|Customer 88|88 Diagon Alley, London
000089|Customer 89|89 Diagon Alley, London
000090|Customer 90|90 Diagon Alley, London
000091|Customer 91|91 Diagon Alley, London
000092|Customer 92|92 Diagon Alley, London
000093|Customer 93|93 Diagon Alley, London
000094|Customer 94|94 Diagon Alley, London
000095|Customer 95|95 Diagon Alley, London
000096|Customer 96|96 Diagon Alley, London
000097|Customer 97|97 Diagon Alley, London
000098|Customer 98|98 Diagon Alley, London
000099|Customer 99|99 Diagon Alley, London
000100|Customer 100|100 Diagon Alley, London
000101|Customer 101|101 Diagon Alley, London
000102|Customer 102|102 Diagon Alley, London
000103|Customer 103|103 Diagon Alley, London
000104|Customer 104|104 Diagon Alley, London
000105|Customer 105|105 Diagon Alley, London
000106|Customer 106|106 Diagon Alley, London
000107|Customer 107|107 Diagon Alley, London
000108|Customer 108|108 Diagon Alley, London
000109|Customer 109|109 Diagon Alley, London
000110|Customer 110|110 Diagon Alley, London
000111|Customer 111|111 Diagon Alley, London
000112|Customer 112|112 Diagon Alley, London
000113|Customer 113|113 Diagon Alley, London
000114|Customer 114|114 Diagon Alley, London
000115|Customer 115|115 Diagon Alley, London
000116|Customer 116|116 Diagon Alley, London
000117|Customer 117|117 Diagon Alley, London
000118|Customer 118|118 Diagon Alley, London
000119|Customer 119|119 Diagon Alley, London
000120|Customer 120|120 Diagon Alley, London
000121|Customer 121|121 Diagon Alley, London
000122|Customer 122|122 Diagon Alley, London
000123|Customer 123|123 Diagon Alley, London
000124|Customer 124|124 Diagon Alley, London
000125|Customer 125|125 Diagon Alley, London
000126|Customer 126|126 Diagon Alley, London
000127|Customer 127|127 Diagon Alley, London
000128|Customer 128|128 Diagon Alley, London
000129|Customer 129|129 Diagon Alley, London
000130|Customer 130|130 Diagon Alley, London
000131|Customer 131|131 Diagon Alley, London
000132|Customer 132|132 Diagon Alley, London
000133|Customer 133|133 Diagon Alley, London
000134|Customer 134|134 Diagon Alley, London
000135|Customer 135|135 Diagon Alley, London
000136|Customer 136|136 Diagon Alley, London
000137|Customer 137|137 Diagon Alley, London
000138|Customer 138|138 Diagon Alley, London
000139|Customer 139|139 Diagon Alley, London
000140|Customer 140|140 Diagon Alley, London
000141|Customer 141|141 Diagon Alley, London
000142|Customer 142|142 Diagon Alley, London
000143|Customer 143|143 Diagon Alley, London
000144|Customer 144|144 Diagon Alley, London
000145|Customer 145|145 Diagon Alley, London
000146|Customer 146|146 Diagon Alley, London
000147|Customer 147|147 Diagon Alley, London
000148|Customer 148|148 Diagon Alley, London
000149|Customer 149|149 Diagon Alley, London
000150|Customer 150|150 Diagon Alley, London
000151|Customer 151|151 Diagon Alley, London
000152|Customer 152|152 Diagon Alley, London
000153|Customer 153|153 Diagon Alley, London
000154|Customer 154|154 Diagon Alley, London
000155|Customer 155|155 Diagon Alley, London
000156|Customer 156|156 Diagon Alley, London
000157|Customer 157|157 Diagon Alley, London
000158|Customer 158|158 Diagon Alley, London
000159|Customer 159|159 Diagon Alley, London
000160|Customer 160|160 Diagon Alley, London
000161|Customer 161|161 Diagon Alley, London
000162|Customer 162|162 Diagon Alley, London
000163|Customer 163|163 Diagon Alley, London
000164|Customer 164|164 Diagon Alley, London
000165|Customer 165|165 Diagon Alley, London
000166|Customer 166|166 Diagon Alley, London
000167|Customer 167|167 Diagon Alley, London
000168|Customer 168|168 Diagon Alley, London
000169|Customer 169|169 Diagon Alley, London
000170|Customer 170|170 Diagon Alley, London
000171|Customer 171|171 Diagon Alley, London
000172|Customer 172|172 Diagon Alley, London
000173|Customer 173|173 Diagon Alley, London
000174|Customer 174|174 Diagon Alley, London
000175|Customer 175|175 Diagon Alley, London
000176|Customer 176|176 Diagon Alley, London
000177|Customer 177|177 Diagon Alley, London
000178|Customer 178|178 Diagon Alley, London
000179|Customer 179|179 Diagon Alley, London
000180|Customer 180|180 Diagon Alley, London
000181|Customer 181|181 Diagon Alley, London
000182|Customer 182|182 Diagon Alley, London
000183|Customer 183|183 Diagon Alley, London
000184|Customer 184|184 Diagon Alley, London
000185|Customer 185|185 Diagon Alley, London
000186|Customer 186|186 Diagon Alley, London
000187|Customer 187|187 Diagon Alley, London
000188|Customer 188|188 Diagon Alley, London
000189|Customer 189|189 Diagon Alley, London
000190|Customer 190|190 Diagon Alley, London
000191|Customer 191|191 Diagon Alley, London
000192|Customer 192|192 Diagon Alley, London
000193|Customer 193|193 Diagon Alley, London
000194|Customer 194|194 Diagon Alley, London
000195|Customer 195|195 Diagon Alley, London
000196|Customer 196|196 Diagon Alley, London
000197|Customer 197|197 Diagon Alley, London
000198|Customer 198|198 Diagon Alley, London
000199|Customer 199|199 Diagon Alley, London
000200|Customer 200|200 Diagon Alley, London
000201|Customer 201|201 Diagon Alley, London
000202|Customer 202|202 Diagon Alley, London
000203|Customer 203|203 Diagon Alley, London
000204|Customer 204|204 Diagon Alley, London
000205|Customer 205|205 Diagon Alley, London
000206|Customer 206|206 Diagon Alley, London
000207|Customer 207|207 Diagon Alley, London
000208|Customer 208|208 Diagon Alley, London
000209|Customer 209|209 Diagon Alley, London
000210|Customer 210|210 Diagon Alley, London
000211|Customer 211|211 Diagon Alley, London
000212|Customer 212|212 Diagon Alley, London
000213|Customer 213|213 Diagon Alley, London
000214|Customer 214|214 Diagon Alley, London
000215|Customer 215|215 Diagon Alley, London
000216|Customer 216|216 Diagon Alley, London
000217|Customer 217|217 Diagon Alley, London
000218|Customer 218|218 Diagon Alley, London
000219|Customer 219|219 Diagon Alley, London
000220|Customer 220|220 Diagon Alley, London
000221|Customer 221|221 Diagon Alley, London
000222|Customer 222|222 Diagon Alley, London
000223|Customer 223|223 Diagon Alley, London
000224|Customer 224|224 Diagon Alley, London
000225|Customer 225|225 Diagon Alley, London
000226|Customer 226|226 Diagon Alley, London
000227|Customer 227|227 Diagon Alley, London
000228|Customer 228|228 Diagon Alley, London
000229|Customer 229|229 Diagon Alley, London
000230|Customer 230|230 Diagon Alley, London
000231|Customer 231|231 Diagon Alley, London
000232|Customer 232|232 Diagon Alley, London
000233|Customer 233|233 Diagon Alley, London
000234|Customer 234|234 Diagon Alley, London
000235|Customer 235|235 Diagon Alley, London
000236|Customer 236|236 Diagon Alley, London
000237|Customer 237|237 Diagon Alley, London
000238|Customer 238|238 Diagon Alley, London
000239|Customer 239|239 Diagon Alley, London
000240|Customer 240|240 Diagon Alley, London
000241|Customer 241|241 Diagon Alley, London
000242|Customer 242|242 Diagon Alley, London
000243|Customer 243|243 Diagon Alley, London
000244|Customer 244|244 Diagon Alley, London
000245|Customer 245|245 Diagon Alley, London
000246|Customer 246|246 Diagon Alley, London
000247|Customer 247|247 Diagon Alley, London
000248|Customer 248|248 Diagon Alley, London
000249|Customer 249|249 Diagon Alley, London
000250|Customer 250|250 Diagon Alley, London
000251|Customer 251|251 Diagon Alley, London
000252|Customer 252|252 Diagon Alley, London
000253|Customer 253|253 Diagon Alley, London
000254|Customer 254|254 Diagon Alley, London
000255|Customer 255|255 Diagon Alley, London
000256|Customer 256|256 Diagon Alley, London
000257|Customer 257|257 Diagon Alley, London
000258|Customer 258|258 Diagon Alley, London
000259|Customer 259|259 Diagon Alley, London
000260|Customer 260|260 Diagon Alley, London
000261|Customer 261|261 Diagon Alley, London
000262|Customer 262|262 Diagon Alley, London
000263|Customer 263|263 Diagon Alley, London
000264|Customer 264|264 Diagon Alley, London
000265|Customer 265|265 Diagon Alley, London
000266|Customer 266|266 Diagon Alley, London
000267|Customer 267|267 Diagon Alley, London
000268|Customer 268|268 Diagon Alley, London
000269|Customer 269|269 Diagon Alley, London
000270|Customer 270|270 Diagon Alley, London
000271|Customer 271|271 Diagon Alley, London
000272|Customer 272|272 Diagon Alley, London
000273|Customer 273|273 Diagon Alley, London
000274|Customer 274|274 Diagon Alley, London
000275|Customer 275|275 Diagon Alley, London
000276|Customer 276|276 Diagon Alley, London
000277|Customer 277|277 Diagon Alley, London
000278|Customer 278|278 Diagon Alley, London
000279|Customer 279|279 Diagon Alley, London
000280|Customer 280|280 Diagon Alley, London
000281|Customer 281|281 Diagon Alley, London
000282|Customer 282|282 Diagon Alley, London
000283|Customer 283|283 Diagon Alley, London
000284|Customer 284|284 Diagon Alley, London
000285|Customer 285|285 Diagon Alley, London
000286|Customer 286|286 Diagon Alley, London
000287|Customer 287|287 Diagon Alley, London
000288|Customer 288|288 Diagon Alley, London
000289|Customer 289|289 Diagon Alley, London
000290|Customer 290|290 Diagon Alley, London
000291|Customer 291|291 Diagon Alley, London
000292|Customer 292|292 Diagon Alley, London
000293|Customer 293|293 Diagon Alley, London
000294|Customer 294|294 Diagon Alley, London
000295|Customer 295|295 Diagon Alley, London
000296|Customer 296|296 Diagon Alley, London
000297|Customer 297|297 Diagon Alley, London
000298|Customer 298|298 Diagon Alley, London
000299|Customer 299|299 Diagon Alley, London
000300|Customer 300|300 Diagon Alley, London
000301|Customer 301|301 Diagon Alley, London
000302|Customer 302|302 Diagon Alley, London
000303|Customer 303|303 Diagon Alley, London
000304|Customer 304|304 Diagon Alley, London
000305|Customer 305|305 Diagon Alley, London
000306|Customer 306|306 Diagon Alley, London
000307|Customer 307|307 Diagon Alley, London
000308|Customer 308|308 Diagon Alley, London
000309|Customer 309|309 Diagon Alley, London
000310|Customer 310|310 Diagon Alley, London
000311|Customer 311|311 Diagon Alley, London
000312|Customer 312|312 Diagon Alley, London
000313|Customer 313|313 Diagon Alley, London
000314|Customer 314|314 Diagon Alley, London
000315|Customer 315|315 Diagon Alley, London
000316|Customer 316|316 Diagon Alley, London
000317|Customer 317|317 Diagon Alley, London
000318|Customer 318|318 Diagon Alley, London
000319|Customer 319|319 Diagon Alley, London
000320|Customer 320|320 Diagon Alley, London
000321|Customer 321|321 Diagon Alley, London
000322|Customer 322|322 Diagon Alley, London
000323|Customer 323|323 Diagon Alley, London
000324|Customer 324|324 Diagon Alley, London
000325|Customer 325|325 Diagon Alley, London
000326|Customer 326|326 Diagon Alley, London
000327|Customer 327|327 Diagon Alley, London
000328|Customer 328|328 Diagon Alley, London
000329|Customer 329|329 Diagon Alley, London
000330|Customer 330|330 Diagon Alley, London
000331|Customer 331|331 Diagon Alley, London
000332|Customer 332|332 Diagon Alley, London
000333|Customer 333|333 Diagon Alley, London
000334|Customer 334|334 Diagon Alley, London
000335|Customer 335|335 Diagon Alley, London
000336|Customer 336|336 Diagon Alley, London
000337|Customer 337|337 Diagon Alley, London
000338|Customer 338|338 Diagon Alley, London
000339|Customer 339|339 Diagon Alley, London
000340|Customer 340|340 Diagon Alley, London
000341|Customer 341|341 Diagon Alley, London
000342|Customer 342|342 Diagon Alley, London
000343|Customer 343|343 Diagon Alley, London
000344|Customer 344|344 Diagon Alley, London
000345|Customer 345|345 Diagon Alley, London
000346|Customer 346|346 Diagon Alley, London
000347|Customer 347|347 Diagon Alley, London
000348|Customer 348|348 Diagon Alley, London
000349|Customer 349|349 Diagon Alley, London
000350|Customer 350|350 Diagon Alley, London
000351|Customer 351|351 Diagon Alley, London
000352|Customer 352|352 Diagon Alley, London
000353|Customer 353|353 Diagon Alley, London
000354|Customer 354|354 Diagon Alley, London
000355|Customer 355|355 Diagon Alley, London
000356|Customer 356|356 Diagon Alley, London
000357|Customer 357|357 Diagon Alley, London
000358|Customer 358|358 Diagon Alley, London
000359|Customer 359|359 Diagon Alley, London
000360|Customer 360|360 Diagon Alley, London
000361|Customer 361|361 Diagon Alley, London
000362|Customer 362|362 Diagon Alley, London
000363|Customer 363|363 Diagon Alley, London
000364|Customer 364|364 Diagon Alley, London
000365|Customer 365|365 Diagon Alley, London
000366|Customer 366|366 Diagon Alley, London
000367|Customer 367|367 Diagon Alley, London
000368|Customer 368|368 Diagon Alley, London
000369|Customer 369|369 Diagon Alley, London
000370|Customer 370|370 Diagon Alley, London
000371|Customer 371|371 Diagon Alley, London
000372|Customer 372|372 Diagon Alley, London
000373|Customer 373|373 Diagon Alley, London
000374|Customer 374|374 Diagon Alley, London
000375|Customer 375|375 Diagon Alley, London
000376|Customer 376|376 Diagon Alley, London
000377|Customer 377|377 Diagon Alley, London
000378|Customer 378|378 Diagon Alley, London
000379|Customer 379|379 Diagon Alley, London
000380|Customer 380|380 Diagon Alley, London
000381|Customer 381|381 Diagon Alley, London
000382|Customer 382|382 Diagon Alley, London
000383|Customer 383|383 Diagon Alley, London
000384|Customer 384|384 Diagon Alley, London
000385|Customer 385|385 Diagon Alley, London
000386|Customer 386|386 Diagon Alley, London
000387|Customer 387|387 Diagon Alley, London
000388|Customer 388|388 Diagon Alley, London
000389|Customer 389|389 Diagon Alley, London
000390|Customer 390|390 Diagon Alley, London
000391|Customer 391|391 Diagon Alley, London
000392|Customer 392|392 Diagon Alley, London
000393|Customer 393|393 Diagon Alley, London
000394|Customer 394|394 Diagon Alley, London
000395|Customer 395|395 Diagon Alley, London
000396|Customer 396|396 Diagon Alley, London
000397|Customer 397|397 Diagon Alley, London
000398|Customer 398|398 Diagon Alley, London
000399|Customer 399|399 Diagon Alley, London
000400|Customer 400|400 Diagon Alley, London
000401|Customer 401|401 Diagon Alley, London
000402|Customer 402|402 Diagon Alley, London
000403|Customer 403|403 Diagon Alley, London
000404|Customer 404|404 Diagon Alley, London
000405|Customer 405|405 Diagon Alley, London
000406|Customer 406|406 Diagon Alley, London
000407|Customer 407|407 Diagon Alley, London
000408|Customer 408|408 Diagon Alley, London
000409|Customer 409|409 Diagon Alley, London
000410|Customer 410|410 Diagon Alley, London
000411|Customer 411|411 Diagon Alley, London
000412|Customer 412|412 Diagon Alley, London
000413|Customer 413|413 Diagon Alley, London
000414|Customer 414|414 Diagon Alley, London
000415|Customer 415|415 Diagon Alley, London
000416|Customer 416|416 Diagon Alley, London
000417|Customer 417|417 Diagon Alley, London
000418|Customer 418|418 Diagon Alley, London
000419|Customer 419|419 Diagon Alley, London
000420|Customer 420|420 Diagon Alley, London
000421|Customer 421|421 Diagon Alley, London
000422|Customer 422|422 Diagon Alley, London
000423|Customer 423|423 Diagon Alley, London
000424|Customer 424|424 Diagon Alley, London
000425|Customer 425|425 Diagon Alley, London
000426|Customer 426|426 Diagon Alley, London
000427|Customer 427|427 Diagon Alley, London
000428|Customer 428|428 Diagon Alley, London
000429|Customer 429|429 Diagon Alley, London
000430|Customer 430|430 Diagon Alley, London
000431|Customer 431|431 Diagon Alley, London
000432|Customer 432|432 Diagon Alley, London
000433|Customer 433|433 Diagon Alley, London
000434|Customer 434|434 Diagon Alley, London
000435|Customer 435|435 Diagon Alley, London
000436|Customer 436|436 Diagon Alley, London
000437|Customer 437|437 Diagon Alley, London
000438|Customer 438|438 Diagon Alley, London
000439|Customer 439|439 Diagon Alley, London
000440|Customer 440|440 Diagon Alley, London
000441|Customer 441|441 Diagon Alley, London
000442|Customer 442|442 Diagon Alley, London
000443|Customer 443|443 Diagon Alley, London
000444|Customer 444|444 Diagon Alley, London
000445|Customer 445|445 Diagon Alley, London
000446|Customer 446|446 Diagon Alley, London
000447|Customer 447|447 Diagon Alley, London
000448|Customer 448|448 Diagon Alley, London
000449|Customer 449|449 Diagon Alley, London
000450|Customer 450|450 Diagon Alley, London
000451|Customer 451|451 Diagon Alley, London
000452|Customer 452|452 Diagon Alley, London
000453|Customer 453|453 Diagon Alley, London
000454|Customer 454|454 Diagon Alley, London
000455|Customer 455|455 Diagon Alley, London
000456|Customer 456|456 Diagon Alley, London
000457|Customer 457|457 Diagon Alley, London
000458|Customer 458|458 Diagon Alley, London
000459|Customer 459|459 Diagon Alley, London
000460|Customer 460|460 Diagon Alley, London
000461|Customer 461|461 Diagon Alley, London
000462|Customer 462|462 Diagon Alley, London
000463|Customer 463|463 Diagon Alley, London
000464|Customer 464|464 Diagon Alley, London
000465|Customer 465|465 Diagon Alley, London
000466|Customer 466|466 Diagon Alley, London
000467|Customer 467|467 Diagon Alley, London
000468|Customer 468|468 Diagon Alley, London
000469|Customer 469|469 Diagon Alley, London
000470|Customer 470|470 Diagon Alley, London
000471|Customer 471|471 Diagon Alley, London
000472|Customer 472|472 Diagon Alley, London
000473|Customer 473|473 Diagon Alley, London
000474|Customer 474|474 Diagon Alley, London
000475|Customer 475|475 Diagon Alley, London
000476|Customer 476|476 Diagon Alley, London
000477|Customer 477|477 Diagon Alley, London
000478|Customer 478|478 Diagon Alley, London
000479|Customer 479|479 Diagon Alley, London
000480|Customer 480|480 Diagon Alley, London
000481|Customer 481|481 Diagon Alley, London
000482|Customer 482|482 Diagon Alley, London
000483|Customer 483|483 Diagon Alley, London
000484|Customer 484|484 Diagon Alley, London
000485|Customer 485|485 Diagon Alley, London
000486|Customer 486|486 Diagon Alley, London
000487|Customer 487|487 Diagon Alley, London
000488|Customer 488|488 Diagon Alley, London
000489|Customer 489|489 Diagon Alley, London
000490|Customer 490|490 Diagon Alley, London
000491|Customer 491|491 Diagon Alley, London
000492|Customer 492|492 Diagon Alley, London
000493|Customer 493|493 Diagon Alley, London
000494|Customer 494|494 Diagon Alley, London
000495|Customer 495|495 Diagon Alley, London
000496|Customer 496|496 Diagon Alley, London
000497|Customer 497|497 Diagon Alley, London
000498|Customer 498|498 Diagon Alley, London
000499|Customer 499|499 Diagon Alley, London
000500|Customer 500|500 Diagon Alley, London
000501|Customer 501|501 Diagon Alley, London
000502|Customer 502|502 Diagon Alley, London
000503|Customer 503|503 Diagon Alley, London
000504|Customer 504|504 Diagon Alley, London
000505|Customer 505|505 Diagon Alley, London
000506|Customer 506|506 Diagon Alley, London
000507|Customer 507|507 Diagon Alley, London
000508|Customer 508|508 Diagon Alley, London
000509|Customer 509|509 Diagon Alley, London
000510|Customer 510|510 Diagon Alley, London
000511|Customer 511|511 Diagon Alley, London
000512|Customer 512|512 Diagon Alley, London
000513|Customer 513|513 Diagon Alley, London
000514|Customer 514|514 Diagon Alley, London
000515|Customer 515|515 Diagon Alley, London
000516|Customer 516|516 Diagon Alley, London
000517|Customer 517|517 Diagon Alley, London
000518|Customer 518|518 Diagon Alley, London
000519|Customer 519|519 Diagon Alley, London
000520|Customer 520|520 Diagon Alley, London
000521|Customer 521|521 Diagon Alley, London
000522|Customer 522|522 Diagon Alley, London
000523|Customer 523|523 Diagon Alley, London
000524|Customer 524|524 Diagon Alley, London
000525|Customer 525|525 Diagon Alley, London
000526|Customer 526|526 Diagon Alley, London
000527|Customer 527|527 Diagon Alley, London
000528|Customer 528|528 Diagon Alley, London
000529|Customer 529|529 Diagon Alley, London
000530|Customer 530|530 Diagon Alley, London
000531|Customer 531|531 Diagon Alley, London
000532|Customer 532|532 Diagon Alley, London
000533|Customer 533|533 Diagon Alley, London
000534|Customer 534|534 Diagon Alley, London
000535|Customer 535|535 Diagon Alley, London
000536|Customer 536|536 Diagon Alley, London
000537|Customer 537|537 Diagon Alley, London
000538|Customer 538|538 Diagon Alley, London
000539|Customer 539|539 Diagon Alley, London
000540|Customer 540|540 Diagon Alley, London
000541|Customer 541|541 Diagon Alley, London
000542|Customer 542|542 Diagon Alley, London
000543|Customer 543|543 Diagon Alley, London
000544|Customer 544|544 Diagon Alley, London
000545|Customer 545|545 Diagon Alley, London
000546|Customer 546|546 Diagon Alley, London
000547|Customer 547|547 Diagon Alley, London
000548|Customer 548|548 Diagon Alley, London
000549|Customer 549|549 Diagon Alley, London
000550|Customer 550|550 Diagon Alley, London
000551|Customer 551|551 Diagon Alley, London
000552|Customer 552|552 Diagon Alley, London
000553|Customer 553|553 Diagon Alley, London
000554|Customer 554|554 Diagon Alley, London
000555|Customer 555|555 Diagon Alley, London
000556|Customer 556|556 Diagon Alley, London
000557|Customer 557|557 Diagon Alley, London
000558|Customer 558|558 Diagon Alley, London
000559|Customer 559|559 Diagon Alley, London
000560|Customer 560|560 Diagon Alley, London
000561|Customer 561|561 Diagon Alley, London
000562|Customer 562|562 Diagon Alley, London
000563|Customer 563|563 Diagon Alley, London
000564|Customer 564|564 Diagon Alley, London
000565|Customer 565|565 Diagon Alley, London
000566|Customer 566|566 Diagon Alley, London
000567|Customer 567|567 Diagon Alley, London
000568|Customer 568|568 Diagon Alley, London
000569|Customer 569|569 Diagon Alley, London
000570|Customer 570|570 Diagon Alley, London
000571|Customer 571|571 Diagon Alley, London
000572|Customer 572|572 Diagon Alley, London
000573|Customer 573|573 Diagon Alley, London
000574|Customer 574|574 Diagon Alley, London
000575|Customer 575|575 Diagon Alley, London
000576|Customer 576|576 Diagon Alley, London
000577|Customer 577|577 Diagon Alley, London
000578|Customer 578|578 Diagon Alley, London
000579|Customer 579|579 Diagon Alley, London
000580|Customer 580|580 Diagon Alley, London
000581|Customer 581|581 Diagon Alley, London
000582|Customer 582|582 Diagon Alley, London
000583|Customer 583|583 Diagon Alley, London
000584|Customer 584|584 Diagon Alley, London
000585|Customer 585|585 Diagon Alley, London
000586|Customer 586|586 Diagon Alley, London
000587|Customer 587|587 Diagon Alley, London
000588|Customer 588|588 Diagon Alley, London
000589|Customer 589|589 Diagon Alley, London
000590|Customer 590|590 Diagon Alley, London
000591|Customer 591|591 Diagon Alley, London
000592|Customer 592|592 Diagon Alley, London
000593|Customer 593|593 Diagon Alley, London
000594|Customer 594|594 Diagon Alley, London
000595|Customer 595|595 Diagon Alley, London
000596|Customer 596|596 Diagon Alley, London
000597|Customer 597|597 Diagon Alley, London
000598|Customer 598|598 Diagon Alley, London
000599|Customer 599|599 Diagon Alley, London
000600|Customer 600|600 Diagon Alley, London
000601|Customer 601|601 Diagon Alley, London
000602|Customer 602|602 Diagon Alley, London
000603|Customer 603|603 Diagon Alley, London
000604|Customer 604|604 Diagon Alley, London
000605|Customer 605|605 Diagon Alley, London
000606|Customer 606|606 Diagon Alley, London
000607|Customer 607|607 Diagon Alley, London
000608|Customer 608|608 Diagon Alley, London
000609|Customer 609|609 Diagon Alley, London
000610|Customer 610|610 Diagon Alley, London
000611|Customer 611|611 Diagon Alley, London
000612|Customer 612|612 Diagon Alley, London
000613|Customer 613|613 Diagon Alley, London
000614|Customer 614|614 Diagon Alley, London
000615|Customer 615|615 Diagon Alley, London
000616|Customer 616|616 Diagon Alley, London
000617|Customer 617|617 Diagon Alley, London
000618|Customer 618|618 Diagon Alley, London
000619|Customer 619|619 Diagon Alley, London
000620|Customer 620|620 Diagon Alley, London
000621|Customer 621|621 Diagon Alley, London
000622|Customer 622|622 Diagon Alley, London
000623|Customer 623|623 Diagon Alley, London
000624|Customer 624|624 Diagon Alley, London
000625|Customer 625|625 Diagon Alley, London
000626|Customer 626|626 Diagon Alley, London
000627|Customer 627|627 Diagon Alley, London
000628|Customer 628|628 Diagon Alley, London
000629|Customer 629|629 Diagon Alley, London
000630|Customer 630|630 Diagon Alley, London
000631|Customer 631|631 Diagon Alley, London
000632|Customer 632|632 Diagon Alley, London
000633|Customer 633|633 Diagon Alley, London
000634|Customer 634|634 Diagon Alley, London
000635|Customer 635|635 Diagon Alley, London
000636|Customer 636|636 Diagon Alley, London
000637|Customer 637|637 Diagon Alley, London
000638|Customer 638|638 Diagon Alley, London
000639|Customer 639|639 Diagon Alley, London
000640|Customer 640|640 Diagon Alley, London
000641|Customer 641|641 Diagon Alley, London
000642|Customer 642|642 Diagon Alley, London
000643|Customer 643|643 Diagon Alley, London
000644|Customer 644|644 Diagon Alley, London
000645|Customer 645|645 Diagon Alley, London
000646|Customer 646|646 Diagon Alley, London
000647|Customer 647|647 Diagon Alley, London
000648|Customer 648|648 Diagon Alley, London
000649|Customer 649|649 Diagon Alley, London
000650|Customer 650|650 Diagon Alley, London
000651|Customer 651|651 Diagon Alley, London
000652|Customer 652|652 Diagon Alley, London
000653|Customer 653|653 Diagon Alley, London
000654|Customer 654|654 Diagon Alley, London
000655|Customer 655|655 Diagon Alley, London
000656|Customer 656|656 Diagon Alley, London
000657|Customer 657|657 Diagon Alley, London
000658|Customer 658|658 Diagon Alley, London
000659|Customer 659|659 Diagon Alley, London
000660|Customer 660|660 Diagon Alley, London
000661|Customer 661|661 Diagon Alley, London
000662|Customer 662|662 Diagon Alley, London
000663|Customer 663|663 Diagon Alley, London
000664|Customer 664|664 Diagon Alley, London
000665|Customer 665|665 Diagon Alley, London
000666|Customer 666|666 Diagon Alley, London
000667|Customer 667|667 Diagon Alley, London
000668|Customer 668|668 Diagon Alley, London
000669|Customer 669|669 Diagon Alley, London
000670|Customer 670|670 Diagon Alley, London
000671|Customer 671|671 Diagon Alley, London
000672|Customer 672|672 Diagon Alley, London
000673|Customer 673|673 Diagon Alley, London
000674|Customer 674|674 Diagon Alley, London
000675|Customer 675|675 Diagon Alley, London
000676|Customer 676|676 Diagon Alley, London
000677|Customer 677|677 Diagon Alley, London
000678|Customer 678|678 Diagon Alley, London
000679|Customer 679|679 Diagon Alley, London
000680|Customer 680|680 Diagon Alley, London
000681|Customer 681|681 Diagon Alley, London
000682|Customer 682|682 Diagon Alley, London
000683|Customer 683|683 Diagon Alley, London
000684|Customer 684|684 Diagon Alley, London
000685|Customer 685|685 Diagon Alley, London
000686|Customer 686|686 Diagon Alley, London
000687|Customer 687|687 Diagon Alley, London
000688|Customer 688|688 Diagon Alley, London
000689|Customer 689|689 Diagon Alley, London
000690|Customer 690|690 Diagon Alley, London
000691|Customer 691|691 Diagon Alley, London
000692|Customer 692|692 Diagon Alley, London
000693|Customer 693|693 Diagon Alley, London
000694|Customer 694|694 Diagon Alley, London
000695|Customer 695|695 Diagon Alley, London
000696|Customer 696|696 Diagon Alley, London
000697|Customer 697|697 Diagon Alley, London
000698|Customer 698|698 Diagon Alley, London
000699|Customer 699|699 Diagon Alley, London
000700|Customer 700|700 Diagon Alley, London
000701|Customer 701|701 Diagon Alley, London
000702|Customer 702|702 Diagon Alley, London
000703|Customer 703|703 Diagon Alley, London
000704|Customer 704|704 Diagon Alley, London
000705|Customer 705|705 Diagon Alley, London
000706|Customer 706|706 Diagon Alley, London
000707|Customer 707|707 Diagon Alley, London
000708|Customer 708|708 Diagon Alley, London
000709|Customer 709|709 Diagon Alley, London
000710|Customer 710|710 Diagon Alley, London
000711|Customer 711|711 Diagon Alley, London
000712|Customer 712|712 Diagon Alley, London
000713|Customer 713|713 Diagon Alley, London
000714|Customer 714|714 Diagon Alley, London
000715|Customer 715|715 Diagon Alley, London
000716|Customer 716|716 Diagon Alley, London
000717|Customer 717|717 Diagon Alley, London
000718|Customer 718|718 Diagon Alley, London
000719|Customer 719|719 Diagon Alley, London
000720|Customer 720|720 Diagon Alley, London
000721|Customer 721|721 Diagon Alley, London
000722|Customer 722|722 Diagon Alley, London
000723|Customer 723|723 Diagon Alley, London
000724|Customer 724|724 Diagon Alley, London
000725|Customer 725|725 Diagon Alley, London
000726|Customer 726|726 Diagon Alley, London
000727|Customer 727|727 Diagon Alley, London
000728|Customer 728|728 Diagon Alley, London
000729|Customer 729|729 Diagon Alley, London
000730|Customer 730|730 Diagon Alley, London
000731|Customer 731|731 Diagon Alley, London
000732|Customer 732|732 Diagon Alley, London
000733|Customer 733|733 Diagon Alley, London
000734|Customer 734|734 Diagon Alley, London
000735|Customer 735|735 Diagon Alley, London
000736|Customer 736|736 Diagon Alley, London
000737|Customer 737|737 Diagon Alley, London
000738|Customer 738|738 Diagon Alley, London
000739|Customer 739|739 Diagon Alley, London
000740|Customer 740|740 Diagon Alley, London
000741|Customer 741|741 Diagon Alley, London
000742|Customer 742|742 Diagon Alley, London
000743|Customer 743|743 Diagon Alley, London
000744|Customer 744|744 Diagon Alley, London
000745|Customer 745|745 Diagon Alley, London
000746|Customer 746|746 Diagon Alley, London
000747|Customer 747|747 Diagon Alley, London
000748|Customer 748|748 Diagon Alley, London
000749|Customer 749|749 Diagon Alley, London
000750|Customer 750|750 Diagon Alley, London
000751|Customer 751|751 Diagon Alley, London
000752|Customer 752|752 Diagon Alley, London
000753|Customer 753|753 Diagon Alley, London
000754|Customer 754|754 Diagon Alley, London
000755|Customer 755|755 Diagon Alley, London
000756|Customer 756|756 Diagon Alley, London
000757|Customer 757|757 Diagon Alley, London
000758|Customer 758|758 Diagon Alley, London
000759|Customer 759|759 Diagon Alley, London
000760|Customer 760|760 Diagon Alley, London
000761|Customer 761|761 Diagon Alley, London
000762|Customer 762|762 Diagon Alley, London
000763|Customer 763|763 Diagon Alley, London
000764|Customer 764|764 Diagon Alley, London
000765|Customer 765|765 Diagon Alley, London
000766|Customer 766|766 Diagon Alley, London
000767|Customer 767|767 Diagon Alley, London
000768|Customer 768|768 Diagon Alley, London
000769|Customer 769|769 Diagon Alley, London
000770|Customer 770|770 Diagon Alley, London
000771|Customer 771|771 Diagon Alley, London
000772|Customer 772|772 Diagon Alley, London
000773|Customer 773|773 Diagon Alley, London
000774|Customer 774|774 Diagon Alley, London
000775|Customer 775|775 Diagon Alley, London
000776|Customer 776|776 Diagon Alley, London
000777|Customer 777|777 Diagon Alley, London
000778|Customer 778|778 Diagon Alley, London
000779|Customer 779|779 Diagon Alley, London
000780|Customer 780|780 Diagon Alley, London
000781|Customer 781|781 Diagon Alley, London
000782|Customer 782|782 Diagon Alley, London
000783|Customer 783|783 Diagon Alley, London
000784|Customer 784|784 Diagon Alley, London
000785|Customer 785|785 Diagon Alley, London
000786|Customer 786|786 Diagon Alley, London
000787|Customer 787|787 Diagon Alley, London
000788|Customer 788|788 Diagon Alley, London
000789|Customer 789|789 Diagon Alley, London
000790|Customer 790|790 Diagon Alley, London
000791|Customer 791|791 Diagon Alley, London
000792|Customer 792|792 Diagon Alley, London
000793|Customer 793|793 Diagon Alley, London
000794|Customer 794|794 Diagon Alley, London
000795|Customer 795|795 Diagon Alley, London
000796|Customer 796|796 Diagon Alley, London
000797|Customer 797|797 Diagon Alley, London
000798|Customer 798|798 Diagon Alley, London
000799|Customer 799|799 Diagon Alley, London
000800|Customer 800|800 Diagon Alley, London
000801|Customer 801|801 Diagon Alley, London
000802|Customer 802|802 Diagon Alley, London
000803|Customer 803|803 Diagon Alley, London
000804|Customer 804|804 Diagon Alley, London
000805|Customer 805|805 Diagon Alley, London
000806|Customer 806|806 Diagon Alley, London
000807|Customer 807|807 Diagon Alley, London
000808|Customer 808|808 Diagon Alley, London
000809|Customer 809|809 Diagon Alley, London
000810|Customer 810|810 Diagon Alley, London
000811|Customer 811|811 Diagon Alley, London
000812|Customer 812|812 Diagon Alley, London
000813|Customer 813|813 Diagon Alley, London
000814|Customer 814|814 Diagon Alley, London
000815|Customer 815|815 Diagon Alley, London
000816|Customer 816|816 Diagon Alley, London
000817|Customer 817|817 Diagon Alley, London
000818|Customer 818|818 Diagon Alley, London
000819|Customer 819|819 Diagon Alley, London
000820|Customer 820|820 Diagon Alley, London
000821|Customer 821|821 Diagon Alley, London
000822|Customer 822|822 Diagon Alley, London
000823|Customer 823|823 Diagon Alley, London
000824|Customer 824|824 Diagon Alley, London
000825|Customer 825|825 Diagon Alley, London
000826|Customer 826|826 Diagon Alley, London
000827|Customer 827|827 Diagon Alley, London
000828|Customer 828|828 Diagon Alley, London
000829|Customer 829|829 Diagon Alley, London
000830|Customer 830|830 Diagon Alley, London
000831|Customer 831|831 Diagon Alley, London
000832|Customer 832|832 Diagon Alley, London
000833|Customer 833|833 Diagon Alley, London
000834|Customer 834|834 Diagon Alley, London
000835|Customer 835|835 Diagon Alley, London
000836|Customer 836|836 Diagon Alley, London
000837|Customer 837|837 Diagon Alley, London
000838|Customer 838|838 Diagon Alley, London
000839|Customer 839|839 Diagon Alley, London
000840|Customer 840|840 Diagon Alley, London
000841|Customer 841|841 Diagon Alley, London
000842|Customer 842|842 Diagon Alley, London
000843|Customer 843|843 Diagon Alley, London
000844|Customer 844|844 Diagon Alley, London
000845|Customer 845|845 Diagon Alley, London
000846|Customer 846|846 Diagon Alley, London
000847|Customer 847|847 Diagon Alley, London
000848|Customer 848|848 Diagon Alley, London
000849|Customer 849|849 Diagon Alley, London
000850|Customer 850|850 Diagon Alley, London
000851|Customer 851|851 Diagon Alley, London
000852|Customer 852|852 Diagon Alley, London
000853|Customer 853|853 Diagon Alley, London
000854|Customer 854|854 Diagon Alley, London
000855|Customer 855|855 Diagon Alley, London
000856|Customer 856|856 Diagon Alley, London
000857|Customer 857|857 Diagon Alley, London
000858|Customer 858|858 Diagon Alley, London
000859|Customer 859|859 Diagon Alley, London
000860|Customer 860|860 Diagon Alley, London
000861|Customer 861|861 Diagon Alley, London
000862|Customer 862|862 Diagon Alley, London
000863|Customer 863|863 Diagon Alley, London
000864|Customer 864|864 Diagon Alley, London
000865|Customer 865|865 Diagon Alley, London
000866|Customer 866|866 Diagon Alley, London
000867|Customer 867|867 Diagon Alley, London
000868|Customer 868|868 Diagon Alley, London
000869|Customer 869|869 Diagon Alley, London
000870|Customer 870|870 Diagon Alley, London
000871|Customer 871|871 Diagon Alley, London
000872|Customer 872|872 Diagon Alley, London
000873|Customer 873|873 Diagon Alley, London
000874|Customer 874|874 Diagon Alley, London
000875|Customer 875|875 Diagon Alley, London
000876|Customer 876|876 Diagon Alley, London
000877|Customer 877|877 Diagon Alley, London
000878|Customer 878|878 Diagon Alley, London
000879|Customer 879|879 Diagon Alley, London
000880|Customer 880|880 Diagon Alley, London
000881|Customer 881|881 Diagon Alley, London
000882|Customer 882|882 Diagon Alley, London
000883|Customer 883|883 Diagon Alley, London
000884|Customer 884|884 Diagon Alley, London
000885|Customer 885|885 Diagon Alley, London
000886|Customer 886|886 Diagon Alley, London
000887|Customer 887|887 Diagon Alley, London
000888|Customer 888|888 Diagon Alley, London
000889|Customer 889|889 Diagon Alley, London
000890|Customer 890|890 Diagon Alley, London
000891|Customer 891|891 Diagon Alley, London
000892|Customer 892|892 Diagon Alley, London
000893|Customer 893|893 Diagon Alley, London
000894|Customer 894|894 Diagon Alley, London
000895|Customer 895|895 Diagon Alley, London
000896|Customer 896|896 Diagon Alley, London
000897|Customer 897|897 Diagon Alley, London
000898|Customer 898|898 Diagon Alley, London
000899|Customer 899|899 Diagon Alley, London
000900|Customer 900|900 Diagon Alley, London
000901|Customer 901|901 Diagon Alley, London
000902|Customer 902|902 Diagon Alley, London
000903|Customer 903|903 Diagon Alley, London
000904|Customer 904|904 Diagon Alley, London
000905|Customer 905|905 Diagon Alley, London
000906|Customer 906|906 Diagon Alley, London
000907|Customer 907|907 Diagon Alley, London
000908|Customer 908|908 Diagon Alley, London
000909|Customer 909|909 Diagon Alley, London
000910|Customer 910|910 Diagon Alley, London
000911|Customer 911|911 Diagon Alley, London
000912|Customer 912|912 Diagon Alley, London
000913|Customer 913|913 Diagon Alley, London
000914|Customer 914|914 Diagon Alley, London
000915|Customer 915|915 Diagon Alley, London
000916|Customer 916|916 Diagon Alley, London
000917|Customer 917|917 Diagon Alley, London
000918|Customer 918|918 Diagon Alley, London
000919|Customer 919|919 Diagon Alley, London
000920|Customer 920|920 Diagon Alley, London
000921|Customer 921|921 Diagon Alley, London
000922|Customer 922|922 Diagon Alley, London
000923|Customer 923|923 Diagon Alley, London
000924|Customer 924|924 Diagon Alley, London
000925|Customer 925|925 Diagon Alley, London
000926|Customer 926|926 Diagon Alley, London
000927|Customer 927|927 Diagon Alley, London
000928|Customer 928|928 Diagon Alley, London
000929|Customer 929|929 Diagon Alley, London
000930|Customer 930|930 Diagon Alley, London
000931|Customer 931|931 Diagon Alley, London
000932|Customer 932|932 Diagon Alley, London
000933|Customer 933|933 Diagon Alley, London
000934|Customer 934|934 Diagon Alley, London
000935|Customer 935|935 Diagon Alley, London
000936|Customer 936|936 Diagon Alley, London
000937|Customer 937|937 Diagon Alley, London
000938|Customer 938|938 Diagon Alley, London
000939|Customer 939|939 Diagon Alley, London
000940|Customer 940|940 Diagon Alley, London
000941|Customer 941|941 Diagon Alley, London
000942|Customer 942|942 Diagon Alley, London
000943|Customer 943|943 Diagon Alley, London
000944|Customer 944|944 Diagon Alley, London
000945|Customer 945|945 Diagon Alley, London
000946|Customer 946|946 Diagon Alley, London
000947|Customer 947|947 Diagon Alley, London
000948|Customer 948|948 Diagon Alley, London
000949|Customer 949|949 Diagon Alley, London
000950|Customer 950|950 Diagon Alley, London
000951|Customer 951|951 Diagon Alley, London
000952|Customer 952|952 Diagon Alley, London
000953|Customer 953|953 Diagon Alley, London
000954|Customer 954|954 Diagon Alley, London
000955|Customer 955|955 Diagon Alley, London
000956|Customer 956|956 Diagon Alley, London
000957|Customer 957|957 Diagon Alley, London
000958|Customer 958|958 Diagon Alley, London
000959|Customer 959|959 Diagon Alley, London
000960|Customer 960|960 Diagon Alley, London
000961|Customer 961|961 Diagon Alley, London
000962|Customer 962|962 Diagon Alley, London
000963|Customer 963|963 Diagon Alley, London
000964|Customer 964|964 Diagon Alley, London
000965|Customer 965|965 Diagon Alley, London
000966|Customer 966|966 Diagon Alley, London
000967|Customer 967|967 Diagon Alley, London
000968|Customer 968|968 Diagon Alley, London
000969|Customer 969|969 Diagon Alley, London
000970|Customer 970|970 Diagon Alley, London
000971|Customer 971|971 Diagon Alley, London
000972|Customer 972|972 Diagon Alley, London
000973|Customer 973|973 Diagon Alley, London
000974|Customer 974|974 Diagon Alley, London
000975|Customer 975|975 Diagon Alley, London
000976|Customer 976|976 Diagon Alley, London
000977|Customer 977|977 Diagon Alley, London
000978|Customer 978|978 Diagon Alley, London
000979|Customer 979|979 Diagon Alley, London
000980|Customer 980|980 Diagon Alley, London
000981|Customer 981|981 Diagon Alley, London
000982|Customer 982|982 Diagon Alley, London
000983|Customer 983|983 Diagon Alley, London
000984|Customer 984|984 Diagon Alley, London
000985|Customer 985|985 Diagon Alley, London
000986|Customer 986|986 Diagon Alley, London
000987|Customer 987|987 Diagon Alley, London
000988|Customer 988|988 Diagon Alley, London
000989|Customer 989|989 Diagon Alley, London
000990|Customer 990|990 Diagon Alley, London
000991|Customer 991|991 Diagon Alley, London
000992|Customer 992|992 Diagon Alley, London
000993|Customer 993|993 Diagon Alley, London
000994|Customer 994|994 Diagon Alley, London
000995|Customer 995|995 Diagon Alley, London
000996|Customer 996|996 Diagon Alley, London
000997|Customer 997|997 Diagon Alley, London
000998|Customer 998|998 Diagon Alley, London
000999|Customer 999|999 Diagon Alley, London